{"name": "－", "nick": "－", "job": "－", "children": [{"name": "15678504267.0", "children": [], "nick": "－", "job": "普通分销员"}, {"name": "13266116168.0", "children": [], "nick": "德源激光", "job": "普通分销员"}, {"name": "18650329366.0", "children": [{"name": "13929957136.0", "children": [], "nick": "杨丽璇", "job": "总监"}, {"name": "18850771214.0", "children": [{"name": "13905019566.0", "children": [], "nick": "林新开", "job": "普通分销员"}], "nick": "新开2", "job": "联创"}, {"name": "13902613680.0", "children": [{"name": "13141928531.0", "children": [], "nick": "－", "job": "普通分销员"}, {"name": "13602302658.0", "children": [], "nick": "静 候 ??", "job": "普通分销员"}], "nick": "小妖", "job": "经理"}, {"name": "18676926358.0", "children": [{"name": "13318537712.0", "children": [{"name": "18319204807.0", "children": [{"name": "18027601773.0", "children": [], "nick": "－", "job": "普通分销员"}, {"name": "13927508181.0", "children": [], "nick": "－", "job": "普通分销员"}, {"name": "13692662032.0", "children": [], "nick": "－", "job": "普通分销员"}], "nick": "－", "job": "普通分销员"}, {"name": "13686720319.0", "children": [], "nick": "－", "job": "普通分销员"}, {"name": "15999844955.0", "children": [], "nick": "天道保健", "job": "经理"}, {"name": "13713081768.0", "children": [], "nick": "陈敏娟气沉丹田", "job": "普通分销员"}, {"name": "13530073660.0", "children": [{"name": "13662577425.0", "children": [], "nick": "蓝天", "job": "普通分销员"}], "nick": "铃.CH??", "job": "经理"}, {"name": "13600281411.0", "children": [], "nick": "蔓語輕輕", "job": "经理"}, {"name": "13537147446.0", "children": [], "nick": "临韵茶行红茶", "job": "经理"}, {"name": "13336536290.0", "children": [{"name": "13824812524.0", "children": [], "nick": "－", "job": "普通分销员"}, {"name": "13827491687.0", "children": [], "nick": "－", "job": "普通分销员"}, {"name": "13767518795.0", "children": [{"name": "15179505589.0", "children": [], "nick": "肖东梅（未付款）", "job": "普通分销员"}], "nick": "肖爱梅", "job": "普通分销员"}], "nick": "白泽（华姐儿子）", "job": "经理"}, {"name": "13827773321.0", "children": [], "nick": "李（华姐小姑）", "job": "经理"}, {"name": "15322907013.0", "children": [{"name": "13669866727.0", "children": [], "nick": "秋兰(朋朋)", "job": "普通分销员"}, {"name": "13424853669.0", "children": [], "nick": "梁亚娟", "job": "经理"}, {"name": "15817618972.0", "children": [{"name": "15019950961.0", "children": [], "nick": "demi", "job": "普通分销员"}], "nick": "肖亚辉", "job": "普通分销员"}], "nick": "康丽", "job": "总监"}, {"name": "13751315922.0", "children": [], "nick": "静静", "job": "普通分销员"}, {"name": "13712832706.0", "children": [{"name": "15072246850.0", "children": [], "nick": "－", "job": "普通分销员"}], "nick": "中医艾灸养生  李青玲", "job": "总监"}, {"name": "13826935181.0", "children": [{"name": "13790654428.0", "children": [], "nick": "????霞妹儿 ????", "job": "普通分销员"}], "nick": "罗菲", "job": "普通分销员"}], "nick": "麦俪华1331", "job": "联创"}, {"name": "15626875502.0", "children": [{"name": "15818360612.0", "children": [], "nick": "哈哈", "job": "普通分销员"}, {"name": "18825829465.0", "children": [], "nick": "－", "job": "普通分销员"}, {"name": "16675538913.0", "children": [], "nick": "AAA好艾友客服", "job": "普通分销员"}, {"name": "18338667101.0", "children": [{"name": "18314818244.0", "children": [], "nick": "－", "job": "普通分销员"}], "nick": "青青", "job": "经理"}, {"name": "13177810838.0", "children": [{"name": "13767984191.0", "children": [], "nick": "－", "job": "普通分销员"}, {"name": "15763768305.0", "children": [{"name": "13576000969.0", "children": [{"name": "18682195673.0", "children": [], "nick": "热情", "job": "总监"}, {"name": "13699519297.0", "children": [], "nick": "－", "job": "普通分销员"}, {"name": "15540420287.0", "children": [], "nick": "－", "job": "普通分销员"}, {"name": "15172021354.0", "children": [], "nick": "陈治国", "job": "普通分销员"}, {"name": "14768615813.0", "children": [], "nick": "快乐的飞翔鸟", "job": "总监"}, {"name": "15862657636.0", "children": [], "nick": "－", "job": "普通分销员"}, {"name": "13107189016.0", "children": [], "nick": "－", "job": "普通分销员"}, {"name": "17711707183.0", "children": [], "nick": "联盟军团创始人老马", "job": "总监"}, {"name": "17733035788.0", "children": [], "nick": "??小樱桃小李飞刀", "job": "总监"}, {"name": "13839292499.0", "children": [{"name": "15923920007.0", "children": [], "nick": "－", "job": "普通分销员"}, {"name": "13519685796.0", "children": [], "nick": "吉祥果", "job": "普通分销员"}], "nick": "－", "job": "总监"}, {"name": "15296768886.0", "children": [], "nick": "－", "job": "普通分销员"}, {"name": "13525860172.0", "children": [], "nick": "－", "job": "总监"}, {"name": "17865658622.0", "children": [{"name": "15224901883.0", "children": [], "nick": "－", "job": "普通分销员"}, {"name": "15764430561.0", "children": [], "nick": "－", "job": "普通分销员"}, {"name": "13684220150.0", "children": [], "nick": "－", "job": "普通分销员"}, {"name": "13077218627.0", "children": [], "nick": "－", "job": "普通分销员"}, {"name": "13453696566.0", "children": [], "nick": "－", "job": "普通分销员"}, {"name": "13831021602.0", "children": [], "nick": "－", "job": "普通分销员"}, {"name": "18235643189.0", "children": [], "nick": "－", "job": "普通分销员"}, {"name": "13180381769.0", "children": [], "nick": "－", "job": "普通分销员"}, {"name": "15989830844.0", "children": [], "nick": "－", "job": "普通分销员"}, {"name": "18678718457.0", "children": [], "nick": "王芳", "job": "普通分销员"}, {"name": "17863435353.0", "children": [], "nick": "－", "job": "普通分销员"}], "nick": "－", "job": "总监"}], "nick": "嵇富文", "job": "总监"}], "nick": "宇明，系统（胡斌）", "job": "总监"}], "nick": "嵇富文", "job": "联创"}, {"name": "15868851136.0", "children": [{"name": "17610459369.0", "children": [], "nick": "－", "job": "普通分销员"}], "nick": "安鑫", "job": "普通分销员"}, {"name": "15017258639.0", "children": [], "nick": "阿莲", "job": "经理"}, {"name": "13694983768.0", "children": [], "nick": "熊丰国13694983768", "job": "总监"}, {"name": "18906324499.0", "children": [{"name": "13189876604.0", "children": [], "nick": "－", "job": "普通分销员"}], "nick": "【战狼团队】??创始人", "job": "总监"}, {"name": "15817537283.0", "children": [], "nick": "萍（龙记镭射）", "job": "总监"}, {"name": "18688611026.0", "children": [], "nick": "匆匆那年", "job": "经理"}], "nick": "29", "job": "联创"}], "nick": "好艾友+罗文敏+艺名楠哥", "job": "联创"}, {"name": "15910437369.0", "children": [{"name": "15370377290.0", "children": [{"name": "18861096292.0", "children": [], "nick": "殷琴", "job": "普通分销员"}], "nick": "刘静娟", "job": "联创"}, {"name": "18762915547.0", "children": [], "nick": "沈峰岭", "job": "总监"}, {"name": "13651766774.0", "children": [{"name": "18621701437.0", "children": [], "nick": "刘晓", "job": "普通分销员"}, {"name": "13722848367.0", "children": [], "nick": "刘秀芳", "job": "普通分销员"}, {"name": "13285526622.0", "children": [], "nick": "陈城", "job": "普通分销员"}, {"name": "15032000216.0", "children": [], "nick": "栗莉", "job": "普通分销员"}, {"name": "15921875869.0", "children": [], "nick": "肖岩", "job": "普通分销员"}, {"name": "18701848802.0", "children": [], "nick": "李召玲", "job": "普通分销员"}, {"name": "18936573992.0", "children": [], "nick": "王丽", "job": "普通分销员"}], "nick": "崔向萍", "job": "经理"}], "nick": "母乳喂养指导 聂海晏15910437369", "job": "联创"}, {"name": "18100232076.0", "children": [], "nick": "林巧～好艾友品牌创始人", "job": "普通分销员"}, {"name": "13751236655.0", "children": [], "nick": "李颖琦", "job": "普通分销员"}], "nick": "林巧", "job": "联创"}, {"name": "13751302279.0", "children": [], "nick": "Gary", "job": "普通分销员"}]}